color,2a1610
color,523f3e
Maroon,421814
DoT Highway Browncolor,633517
color,592e29
Coast Guard Deck Redcolor,712617
Seal Browncolor,553a28
Dark Oakcolor,773517
color,9e5d38
color,926f5d
Cocoa Browncolor,a46d63
color,cba46a
Middlestonecolor,aa824e
color,af8d81
Buffcolor,c78d59
DoT Highway Redcolor,a6001a
OSHA Safety Redcolor,a60117
OSHA Safety Redcolor,bd1e24
Insignia Redcolor,9b0a18
OSHA Safety Redcolor,a7071c
color,c8372e
Post Office Redcolor,b44441
color,b83347
Coast Guard Buoy Redcolor,a93d43
color,d33723
color,e5b6b9
Peachcolor,f7cab9
Orange-Browncolor,ac543b
International Orangecolor,ce3500
Coast Guard Red #40color,e62200
color,d34b0c
DoT Highway Orangecolor,e06000
OSHA Safety Orangecolor,dc4a00
Coast Guard Orangecolor,db4e3b
OSHA Safety Orangecolor,e97600
color,eb6602
color,ecbf9e
Post Office Yellowcolor,b4823a
School Bus Yellowcolor,ee9600
color,f49600
DoT Highway Yellowcolor,ffab00
color,ceb6a0
color,dbb883
Beigecolor,d3b6a4
DoT Highway Yellowcolor,f8a300
Warm Graycolor,dcc2a4
OSHA Safety Yellowcolor,f6c700
Aircraft Creamcolor,f0c282
color,e5bc7f
Buffcolor,f0c8a6
Postal Service Creamcolor,f5c964
color,e0a816
OSHA Safety Yellowcolor,ffbb00
Yellow-Greencolor,ded560
Park Service Creamcolor,ead1b5
Ivorycolor,f6cb82
color,eecdae
color,172e29
Army Greencolor,343730
color,35352b
color,29332f
Deep Greencolor,0f482e
color,3f3b2f
DoT Highway Greencolor,004d33
color,383e37
color,434333
Sikorsky Greencolor,525347
color,2d271a
color,2e271a
color,006539
color,53593e
DoT Highway Greencolor,005139
NASA Safety Medium Greencolor,18622d
color,006d4e
OSHA Safety Greencolor,007256
color,5f6c6d
color,686d64
Oxygen Tank Greencolor,457725
Coast Guard Greencolor,2f9254
color,528060
color,7d9792
color,8f8156
color,8b845c
OSHA Safety Greencolor,569376
color,6f947a
color,819290
color,79a196
color,a2b398
color,a7b8aa
color,b1beb5
color,abb593
Army Admin Vehiclescolor,d1d2bf
Sea Bluecolor,002d30
Dark Bluecolor,172035
Strata Bluecolor,122b3e
Post Office Dark Bluecolor,3c485c
Post Office Boxcolor,123057
Post Office Medium Bluecolor,3a5174
color,3e476a
color,16216a
DoT Highway Bluecolor,00477e
Handicap Bluecolor,0f4267
DoT Highway Bluecolor,004472
OSHA Safety Bluecolor,0067a7
Post Office Light Bluecolor,3b6ba5
OSHA Safety Bluecolor,09568d
color,557792
Bright Bluecolor,2c5da3
color,006088
Clear Bluecolor,547495
Bluecolor,0065b1
Coast Guard Bluecolor,0073ad
color,0090c7
Light Bluecolor,4a808f
color,47add5
color,8eb1d6
color,adbbcc
Coast Guard Deck Graycolor,5b606a
Dark Graycolor,47484a
Coast Guard Blue Graycolor,494f58
color,806947
color,706a5d
Mechanic Gray Navy Standardcolor,647489
color,848288
Machinery Graycolor,95928f
color,929396
color,908472
color,a79e92
color,afa396
color,a19d99
Parchmentcolor,c3b4a4
Light Gray,b5afaf
Aircraft Graycolor,a2a7ad
Canada 501-109color,adbab5
Dawn Graycolor,bfb9bb
Boeing Gray 707color,c2bfc6
color,cebca6
OSHA Blackcolor,0b0b0d
color,8e763e
color,683c72
OSHA Safety Purplecolor,994680
OSHA Safety Purplecolor,964f8e
Silver/ International Aluminumcolor,92909a
Blue Whitecolor,e3e3e4
color,f0e1d3
color,f4dfc5
Coast Guard Whitecolor,ece6ea
Hawker Beechcraft Whitecolor,e2e5e3
Insignia Whitecolor,f0e9ee
Coast Guard Whitecolor,e5efe9
Bone Whitecolor,f6eae6
Untinted Whitecolor,faeff5
color,42332a
color,544040
Forest Service Sign Standardcolor,503832
color,603335
color,493937
Brown 356color,594f47
Madeira 1957color,5d5343
Highland 480color,685240
color,705b4b
color,85482b
F.S. Seminal Browncolor,833e33
color,7c503a
color,6b462f
color,7c5e50
Coyote 476/498color,776550
color,8c372e
Light Brown 493color,7d5947
Olive Mohavecolor,7e6c5b
Tan 499color,7f7260
color,967070
color,92705c
Light Coyote 481color,8e7c6c
color,9b7d6f
color,a56f68
Rosecolor,b47160
color,cda367
color,a8844c
Urban Tan 478color,9d8c85
color,ad8d84
color,a8937e
Tancolor,b19b8b
color,cd9a71
color,c7a595
Mushroomcolor,c0b6a2
Saudi,cdb090
color,b20013
color,9a141d
color,bc465a
color,c53633
color,d3341f
color,cd9284
color,e6b4a7
color,eeccba
color,efcbb1
color,efc9ca
color,f3c8b8
color,a7452e
color,d82907
color,bd5232
color,de511c
color,c96c55
color,db7868
color,ff6600
Light Orange Browncolor,df9471
Rosewoodcolor,dcaf9a
color,f89243
Beachwoodcolor,ddb79e
Buffcolor,eabfa7
Buffcolor,f1c3a8
color,ba843d
Khaki 475color,7d776a
Khaki P1color,9a8e79
Light Khaki 494color,9c917d
color,bb9e7a
color,ceb5a0
Desert Sand 500/503color,bfb4ac
Light Tan 479color,b4a6a0
Light Mushroom Navycolor,d3b8a5
color,fda800
color,dec5a0
color,dac3a7
color,f1c386
Buffcolor,edc6a3
color,ddc3b0
color,e7c6a3
Yellow 13655color,f7b800
color,ffc000
color,eadba7
color,e8cfb4
Forest Service Sign Standardcolor,f7cb85
Sunglowcolor,f4ce88
color,f2d2b1
color,eed4b8
color,ecd2ac
color,f1d8ab
color,f3cd46
color,f8e28f
color,e5dfa0
Marine Green #23color,3b3b33
color,423e33
Army Green 491color,3c4541
color,4a493d
color,383125
color,373024
color,574f4f
color,545a42
color,5c5734
color,345b47
Dark Green 355color,4c594a
Green 474color,536158
Marine OD Greencolor,685a3a
color,546a6e
color,606b6e
color,6c7067
Foliage Green 502/504color,686b69
color,61705e
color,847761
Light Green 354color,7e755e
color,7a8377
color,748669
color,798a8d
color,7f9894
color,61947c
MIL-P-24441 Primercolor,6a9076
color,819190
color,82988f
color,77a095
color,99a590
color,a0ada4
color,a9aea0
color,acab99
color,abada2
color,aab29c
color,a0b195
color,9fb39f
color,a6b9ad
color,abb7a4
Clipper Bluecolor,b1bcb2
color,abb7ac
color,b2bca8
Seafoam Greencolor,acb693
color,cdc486
color,d3ceb9
color,bcc8b0
color,c6d4b6
Postal Greencolor,c9dac7
color,c0d1bf
color,cfd5cc
color,d3d5c0
Blue Seacolor,262f39
color,1d3044
color,3c3b40
Army Blue 450color,383e58
Royal Bluecolor,253b5a
color,16226c
Army Blue 451color,3a435d
color,205485
color,436480
color,576f94
color,1c70ae
color,447998
color,687d8d
color,5883a3
color,508190
Electrical Bluecolor,5490c4
color,79838f
color,748cb9
color,6f9c9d
color,889ba0
color,8fa7ad
Admiral Bluecolor,85afc7
color,99b4da
Pastel Bluecolor,b1bcce
color,cdd6e9
color,d0d2d3
Carl Vinson Bluecolor,dad3d8
Exterior Deck Graycolor,464850
color,2f353f
Sea Plane Graycolor,4b4c50
color,54433e
color,615b5f
Slate Graycolor,636269
Graycolor,686566
color,666971
Ocean Graycolor,757684
Ocean Graycolor,6b7283
color,70757d
color,7f8089
color,82858a
color,88868c
Dark Gray 509color,80838d
Urban Gray 501/505color,848584
Interior Haze Graycolor,878892
color,8d8c90
Gray 26270color,8c8f98
color,908f97
Gray 510color,9d9fae
Sand Graycolor,9c8d88
Bulkhead Machinery Gray #30color,94918d
color,919397
color,8e9aa3
color,a49d96
color,aea396
Light Gray #37color,a4a3ad
Medium Gray 508color,9fa5b3
Yellow Graycolor,d0c0ad
color,bdafa1
color,beb7b1
DLAcolor,b3afac
color,c1b2b0
color,b2acae
Canada 501-109color,aebbb5
color,bfbabd
Pearl Graycolor,bcb8c0
Green Graycolor,b4b0ac
color,cab6af
color,d1bfa9
Parchmentcolor,c7beb7
color,d1c2b0
color,c6c0bb
color,cbc2c1
Light Gray 507color,cbcfd9
ANA 514color,1c1d22
Filing Cabinet Blackcolor,222227
Blackcolor,39383a
Goldcolor,967d46
color,9a477d
color,515fc1
color,e5d9d5
Parchmentcolor,e6d3c4
Candlelightcolor,efe1d5
color,f2e5df
color,e8ddba
ANA 626color,f2ebf0
color,fbeeec
White 506color,f3f2e7
color,f9ece7
color,f9f0f7
color,ff0900
color,ff4b00
color,524641
color,584645
Brown 383 Camocolor,594d45
Earth Brown Camocolor,5e4d43
Earth Browncolor,685347
Walnut Browncolor,60443b
Dull Redcolor,874840
Maroon Olympic Russetcolor,724a46
International Browncolor,7f5745
Field Drab Camocolor,705a43
International Browncolor,7e5d4d
Butternut Staincolor,81634e
color,7c424f
color,864b45
color,976f6f
color,96674a
Sierra Tancolor,987563
color,9b7d72
color,a46f67
Rust Redcolor,b47360
Earth Yellowcolor,bd8e60
Tancolor,a98652
Sandcolor,9e8a75
Desert Sandcolor,b19083
Desert Sandcolor,b08e84
Desert Sand CAMOcolor,ae8e83
color,ab957f
Desert Sandcolor,b09185
color,af9a8a
Beigecolor,caa898
Earth Red CAMOcolor,79533d
International,a0333a
International Light Redcolor,bd4255
color,d04032
color,d28586
color,e4b2a3
color,f0acb7
color,ebc9b9
Tancolor,f0cbb2
color,ebc8c9
color,f5c9d1
color,f2c9bb
color,af5438
Navy Torpedocolor,e85e31
color,ce705a
color,db7868
color,e77543
color,dc946f
Navair Flat Orange #1color,e28563
color,fb9756
color,fda85e
color,e8bda4
color,f1c4a5
Olive Drab CAMOcolor,595142
Field Drab Camocolor,745d46
Earth Yellow Camocolor,ac7e54
Sand Camocolor,a9947b
color,d69c50
Green Gold Staincolor,9f825b
Tan 686A Camocolor,b49d80
color,bea07d
color,d1af4d
Dark Sandstone Camocolor,bcab90
Tancolor,cfb69f
Sandcolor,d2b7a7
International Yellowcolor,ffaa07
color,dac39c
color,d9c2a7
color,eec6a5
Sandcolor,e1c7b7
color,edb750
color,ffbf00
color,e8d8a6
Very Light Sandcolor,eed2b5
color,fad08d
color,ffcf6b
color,efcfae
Tancolor,edd3ba
color,ecd1af
color,f1d7ac
color,f9e58c
color,fadea4
color,e6e3a0
Aircraft Green Camocolor,4a4444
Marine Green #23color,484743
Dark Blue Greencolor,2f4f52
Olive Drab 85285color,514d4b
Army Forest Greencolor,4c4d43
Dark green Camocolor,535640
Air Force Forest Greencolor,504e44
Dark green Camocolor,49433c
Army Forest Green Camocolor,54504b
Olive Drab CARCcolor,473f37
Light Green CAMOcolor,63613e
color,14764e
Gunship Greencolor,46554f
Green 383 Camocolor,4a5444
Field Greencolor,4c5037
color,545447
Field Green ANA 627color,575c45
color,635d41
Dark Greencolor,565845
International Dark Greencolor,39604b
Light Green CAMOcolor,645f40
color,586553
Navair Flat Green #2color,4c4e43
Munsell Color 10Y3/3color,5d583c
color,517845
color,586c6e
Interior,65623c
Blue Drabcolor,5f6b6e
color,676c63
Foliage Greencolor,686664
Navair Flat Green #1color,4f5149
color,827660
NASA Primercolor,798175
color,748567
color,4c934f
color,788a8f
color,809993
color,87885e
color,847536
color,6c9178
Sea Mist Greencolor,7e918f
color,81978f
color,769e92
Forest Service Greencolor,6fc7b0
Sagebrushcolor,98a48d
color,99a9a1
color,b1baaa
ANA 610color,acac9a
color,a9aca0
color,a8b09a
International Light Greencolor,9fb396
color,aabaab
color,afbaa8
color,afbcb1
color,abb8b0
color,b5bc98
color,aeba99
color,99ca85
color,d0c58a
Public Building Standardcolor,ceccb7
International Light Greencolor,bac7ad
color,bcb9a0
color,d7e0a8
color,ccd2c9
Pastel Bluecolor,d1d3be
Sea Bluecolor,373a42
Aircraft,363848
color,324052
color,24357d
International,37647e
Navy Blue,646e83
color,587594
color,056cb9
color,1373af
color,637d8b
color,5683a5
color,4c8392
ANA 609color,7284b7
Blue Graycolor,7c8592
color,748fbd
UN Flag Bluecolor,4e9bd7
Forest Service Bluecolor,45abc9
color,2699a9
color,6b9a99
color,899da4
Blue Greencolor,94a8ab
color,88acd1
color,7bc2e7
color,98b0d2
color,afbacc
color,c9d2e4
color,c8cfce
color,d8d2d6
Navy Gray #2color,4a4c57
Deep Graycolor,4e4f54
Dark Blue Graycolor,525660
Gunship Graycolor,5b5e6a
color,686b73
Camouflage Graycolor,5c5c5b
Ocean Graycolor,747683
Ocean Graycolor,6b7282
International,7e7e87
color,848388
Haze Graycolor,858691
color,8c8b90
color,8f8d96
Aircraft Gray Camocolor,9495a5
color,a2928d
Bulkhead Graycolor,979392
color,929396
color,8f94a6
color,a59d97
color,a6a6af
Medium Graycolor,9fa1b2
color,c1b3a4
Beige Gray Staincolor,c1aa97
color,beafac
Light Gray,b0aaad
color,aaa8af
color,a6aab1
Canada 501-109color,aab7b2
color,bcb6be
color,cac8d2
color,cebab2
Beigecolor,d0bca4
color,c4bab1
color,cfc2b5
color,c8c0bd
color,d0c6c7
color,d4cfd5
color,e7cec2
Black Camocolor,373538
Interior Aircraft Blackcolor,343337
International,343236
color,493f3e
color,6e4177
color,974a80
color,815c89
color,dacac3
color,97939a
color,e9dbd5
color,dfccbf
color,f0dfd0
Eggshellcolor,f5e4c8
International Whitecolor,f1eaee
color,f7eae4
color,fbf1fb
color,00a43b
color,ff5400
color,ff0d21
color,ffbf00